x,y,theta
1.0576426051468022,0.9220988623627692,-0.029740390549276637
1.0576583171025746,0.9220285139152897,-0.02982760314149127
1.0576669364693734,0.9220182890730486,-0.029874149273817638
1.0576661980366144,0.9219991571566193,-0.029784327161658693
1.0576948113918148,0.9219978909142301,-0.030418924369820733
1.0577051767564862,0.9220046078363303,-0.034953178305847085
1.057732005685123,0.921969721113428,-0.04017205680251563
1.0578178629131856,0.9220483267262172,-0.046430557835987984
1.0578486235407738,0.9220067613262949,-0.053936136124178455
1.0579128679552894,0.921739426621303,-0.07093392198060564
1.0580040228605163,0.9216117529233727,-0.08296543772144195
1.0581214581588247,0.9214395543547986,-0.10224520687930155
1.0582592314590882,0.9212200839881874,-0.11714111097034667
1.058430246388919,0.920879842702571,-0.14094208780196785
1.0586211205449243,0.920605045085308,-0.15857194795028492
1.0587458573613246,0.920168764025082,-0.18725094570902323
1.0588624661199533,0.9196349687727641,-0.21784447335280976
1.0589638355787674,0.9192400059039012,-0.23813840885419077
1.0591007073045273,0.9186439287182033,-0.2707455520912941
1.0591143224875421,0.9182096823848931,-0.2930064985781289
1.059121999165024,0.917533673049896,-0.3261845506698331
1.0591115627528318,0.9171135091021798,-0.34762049661343636
1.0590154615377887,0.9164698045004148,-0.3809372528496459
1.0589648732781454,0.9159090654696593,-0.4040629035079476
1.0588397201109105,0.9152615842655794,-0.43342730256762946
1.0587411826004292,0.9148287141403384,-0.4521649467871461
1.058588712218594,0.9142611523895697,-0.47689533949865476
1.0585526103753495,0.9138487757674111,-0.4918350384564531
1.058499271291076,0.9132906795452455,-0.5109363604972594
1.0584725994458823,0.9130541892042968,-0.5213188403049144
1.058384550852822,0.912504329589111,-0.5366751380296702
1.0583605865272443,0.9122648809410949,-0.5447061684573128
1.0583801014384486,0.9120800610855104,-0.5514759160421261
1.0584096869802957,0.9117930860405521,-0.559570182320945
1.0585282462987242,0.9115672756744784,-0.5657523874028083
1.0586259090017789,0.9114805014327891,-0.5680058466904266
1.058828509346876,0.9113737100878139,-0.5701600088017735
1.0590878880654693,0.9113547535870116,-0.5701176696661185
1.0592906674925449,0.9113789571173977,-0.5684243636291318
1.0595794847469346,0.9114397157500139,-0.5650111649378665
1.0597697779864546,0.9114973184325085,-0.5628067707305402
1.0600601132284968,0.9116434774849397,-0.5572677746358476
1.0602705237028929,0.9117779942834746,-0.5527749616578745
1.0605844150961097,0.9120195070277147,-0.5443217677440184
1.0608088151138593,0.9121479794363208,-0.5383481166726217
1.061175055984305,0.9123614456264261,-0.5297813174785838
1.061420088816797,0.9125011516440041,-0.5235234419859979
1.061769916220852,0.9126940379340013,-0.5140588284802782
1.0620044878364228,0.9128386290717431,-0.5083625601419204
1.06234336662573,0.9130539591109433,-0.4990492879747166
1.0625883581720765,0.9131939992665897,-0.4925421099847088
1.062930122812431,0.9133797161890559,-0.4831810798594354
1.063197048229947,0.9135066594216182,-0.4778305981477529
1.0635875746936465,0.9136507746210699,-0.46982854055448536
1.0639868130248902,0.9137778345292011,-0.4617279081030065
1.0643110878694542,0.9138442329119092,-0.45617431359495836
1.064779635249184,0.9139443051954592,-0.44914371702635597
1.0651218522210801,0.9140202121632852,-0.4442892759952485
1.065571010465199,0.9140994144169516,-0.4372825414373501
1.0658860811039728,0.9141520114362094,-0.43252848283428447
1.0664242117302678,0.9142118679636695,-0.4247544365804006
1.0667685281830463,0.9142473741347754,-0.41929655792193743
1.0673081271113314,0.9143374440595278,-0.4116788317367186
1.0676893841071513,0.9143596929887778,-0.4068888488515406
1.0682598225087694,0.9144393401344221,-0.39998612193734046
1.0686030670844446,0.9144983692790181,-0.39458264640729784
1.069059852155324,0.9145727735283975,-0.38676011512671254
1.0694014594900025,0.9146274745473626,-0.38147333547213647
1.0699251385568116,0.9146977829759512,-0.3729033507711079
1.0702995549214238,0.9147241297403188,-0.3677226919391454
1.0707900939294526,0.9149185792422112,-0.3589443053329611
1.0710946872398517,0.9149625059217976,-0.35447163757348504
1.0715487904184966,0.9149307819722324,-0.3482466855893014
1.0718296847792586,0.9149951946844651,-0.34256632065318116
1.0722885840413132,0.9150538582643581,-0.33314153953996245
1.0726448141878135,0.9151650574651005,-0.32520290043240874
1.0728822625192487,0.9152321489534209,-0.32001456483633905
1.0732603603333601,0.9154341974857902,-0.3098197615236328
1.0734757597275268,0.9155088976762925,-0.3047452295107951
1.0738551348522876,0.9156246838109343,-0.2955579346384833
1.074105280832083,0.9157048270234204,-0.28948507281872365
1.0744042238705904,0.9157671074403597,-0.2812327220136737
1.0746005334792763,0.915825311023387,-0.27527474156939713
1.074926592840814,0.9159100279931206,-0.2677393009942446
1.0751571357866463,0.9159311455496683,-0.2649927339973277
1.0755458664708584,0.9159742732842635,-0.2631894477140099
1.075773034071233,0.9159694494320153,-0.26454391268426614
1.0761741302291465,0.9159410396437633,-0.2700484933154733
1.076441989610787,0.9158730688379568,-0.275810693672626
1.0769240876283663,0.9156331006356085,-0.2884511054553414
1.077258298325826,0.9154625429321657,-0.2985895082197304
1.0777967873381968,0.9150592831809707,-0.3177213266928321
1.078120118463219,0.9147890628102533,-0.33163944709794924
1.0786255273780012,0.9142566061261359,-0.35668020379192933
1.0789483261286157,0.9137269260003301,-0.37501588721062923
1.0794895103647433,0.9130068272037551,-0.40507874750309475
1.0797719830202557,0.9124871531343499,-0.4235726292588742
1.0802095124326971,0.9116260534715195,-0.4558255324676513
1.0804515515564732,0.911076908378958,-0.47774694804617857
1.0807651301392058,0.9101879766528073,-0.5120946478383195
1.0809416103578753,0.90962382155007,-0.5359599720666381
1.0811724422573357,0.9087299833602043,-0.5702002483077078
1.0812717379950836,0.9078593550270739,-0.6071539199098192
1.0812737708947535,0.907408317261304,-0.6312481020090839
1.081283370451836,0.9065522143711254,-0.6647424770828276
1.081271576615935,0.9059820959085155,-0.6854501287880088
1.081265127152963,0.9053550648061682,-0.7124317140353565
1.0812709896884858,0.9048890886193828,-0.7287369380383598
1.0812548623275129,0.9041961201178068,-0.7520713465821418
1.0812596301558552,0.9037861226579142,-0.7653861891522257
1.0813271380822085,0.9033097738495555,-0.7828512800938602
1.0813541287135644,0.9029803185102534,-0.793575154326576
1.0814963250725835,0.9026757181086951,-0.803951367859742
1.0816140985497473,0.9023559300998925,-0.8132586191901764
1.081867744633057,0.9020616242849948,-0.8212193899776006
1.082131581621466,0.9018002226008158,-0.8250607401653351
1.0825802287084887,0.901622475165163,-0.8294169905091647
1.083063506615231,0.9014989908185199,-0.8316539275674759
1.083379547047892,0.9014565977031882,-0.832226800204243
1.0838543555026288,0.9014384508114003,-0.8315145302943957
1.0842173305861387,0.9014607115921698,-0.8301920786676866
1.0849385575576054,0.9014809365717418,-0.8259017772078591
1.0854113586246272,0.9015094815285691,-0.8221312279304426
1.0859959938512562,0.9015428173371964,-0.8171428708739888
1.086443905327813,0.9015773173647113,-0.8126882764130607
1.0872500121906392,0.9016193632633565,-0.8040759450822619
1.0877132995066847,0.9016146770408154,-0.7992607016720024
1.0881474080305815,0.9016182387635493,-0.7948160100148091
1.0886358922668196,0.9017134751913319,-0.7864567553107363
1.0894086564204524,0.9016412098481983,-0.7804605072753829
1.0899025968648446,0.9016520445511406,-0.7746123676093873
1.0906811971049832,0.9016151089924203,-0.7658299756301432
1.0911959492741552,0.901561344072803,-0.7604839442654214
1.0919434541430912,0.9014785139260456,-0.7531388770815791
1.0924301326518715,0.9016147940184925,-0.7467333774446904
1.0932720462699885,0.9012487466124472,-0.7407779443296945
1.0937893550302245,0.9010958704702814,-0.7357055947942168
1.0946069120174868,0.9009235672189042,-0.7313245428338166
1.0954659233810093,0.9007320767350117,-0.7252480141301669
1.0959854033854417,0.9005853395201008,-0.7209178629621746
1.096790964368323,0.9003379286600304,-0.7147968375565377
1.0973450160489506,0.9001897254931613,-0.7101615309845282
1.0981447003121427,0.8999690054488159,-0.7041416836061504
1.0986780298286254,0.8999670495674259,-0.7010072133516161
1.099540166204552,0.8997217462492182,-0.6938020094778135
1.1000366833434074,0.8995782641809761,-0.6893889616481154
1.1007199501337814,0.8993930855921469,-0.6826894243034145
1.1012380467635396,0.899261475164934,-0.677970406012491
1.1020540487482844,0.8991563580080698,-0.6693727350971063
1.102476049896488,0.8989298000024156,-0.6652183597348559
1.1031210959319098,0.8987569473218459,-0.6582189896521987
1.1037846825282576,0.8985810713306344,-0.6511580867572786
1.1042342013209014,0.8983255985899773,-0.6445987028668404
1.104819503689075,0.8981429332694884,-0.6358521851840685
1.1051682280320028,0.898059159936495,-0.6304642506304825
1.1057077151671137,0.8978922722402543,-0.621463699957361
1.1060200287748039,0.8977843573039156,-0.6158565873603511
1.1064913301959993,0.8976288922024153,-0.6068993805120628
1.1067910360749977,0.8975255467816085,-0.6014104667671931
1.1072719653397323,0.8973674670292964,-0.593541368074561
1.107619778876354,0.8972397900560254,-0.5870111194483596
1.108034409677417,0.8970558963729718,-0.5781083066518605
1.108275770761247,0.8969407408601274,-0.5729243578588594
1.1086236262409868,0.8967817405147231,-0.5677041278395629
1.1089108476307747,0.8966383206938625,-0.5668749380826766
1.1093922704763028,0.8964220685839153,-0.569175974136412
1.1097390211671667,0.8961956048185659,-0.5724090049833843
1.1102184595647293,0.8958742629658477,-0.5794741071241312
1.110491897399159,0.8955899896599632,-0.5868417221067432
1.1109449465511778,0.8949432805399047,-0.6050613101771208
1.1112651572197545,0.8945419887467859,-0.618595523654843
1.111678944150063,0.8938090879371537,-0.6392177763985926
1.1121518377262691,0.8930840381215092,-0.6637129057377893
1.1123562047929796,0.8924293745446047,-0.6824170082299151
1.112707463898004,0.8914920297339672,-0.712108051499234
1.1128638794445156,0.890846851132391,-0.7332851830726853
1.1130845435035548,0.8898733885718616,-0.7665827659983189
1.1132509112953572,0.8891918756232533,-0.7888129703355373
1.113744250578644,0.8882968567605563,-0.8204911642285837
1.1138119551793753,0.8876287697829726,-0.8450485869210176
1.1139334519667945,0.886715669589421,-0.8809387053303639
1.1139664151790816,0.8860793870501974,-0.9048012618550251
1.1139720519855711,0.8851388086275543,-0.9407210351639295
1.113971592321937,0.8846044253029224,-0.9622535675221149
1.1139497836588126,0.8837530549443656,-0.9947426714328269
1.1139060861234351,0.8832403457538784,-1.0133241514984253
1.1138278162682065,0.8826267662504641,-1.0409024663056186
1.1135119073368465,0.8820259214463096,-1.060433192420051
1.113543836965969,0.8813802725514429,-1.0814373171473377
1.1135984468892757,0.8809970844155206,-1.093397927030115
1.1136782286867348,0.8804054328245996,-1.1109660881413217
1.1137510852804529,0.8800385552697191,-1.1207662478331906
1.113952870638484,0.8795383387328197,-1.1315951161293458
1.1141453263620833,0.8792558342516075,-1.1375329296456727
1.1144755897947547,0.8788191570213394,-1.145695527606904
1.1148823722708376,0.8783986199851219,-1.1510717493868625
1.115197881669178,0.8781992774876387,-1.1529127183722154
1.1156911717180042,0.8778968245734272,-1.1558977651479974
1.1160715567449473,0.8777203505432799,-1.156219202052187
1.116716729527441,0.8776383773689941,-1.1544495644011228
1.1172400320297735,0.8772861575821387,-1.1547302746421932
1.117952429137393,0.8770392914149497,-1.150861100736642
1.1184190221522132,0.8768736213111877,-1.1484362647308717
1.1192227190356492,0.8766611823616521,-1.1432138630520505
1.119810733945049,0.8765267562393861,-1.1391157129204452
1.1205134677999105,0.8763946773020916,-1.133580692645894
1.1210539527994696,0.8762170437522055,-1.1284303380650027
1.121975112380675,0.8758267071423715,-1.1197901287779048
1.1224855366746314,0.8756435570794141,-1.1154116525252982
1.1232950515865403,0.8753583065998503,-1.108049469544043
1.1239541613172246,0.8751520496214673,-1.1019374652830798
1.124763730362832,0.8748049114395569,-1.095140878044798
1.1253242264547745,0.8745546926848076,-1.0906822757549095
1.126221189186243,0.8742191807318654,-1.083261282835637
1.1270546605997438,0.8737769811120939,-1.0779727863631043
1.1276392916979288,0.8733570367505537,-1.074613605278521
1.1285326984200994,0.8728801945319506,-1.0683725492571987
1.1290540400793445,0.8725161947647869,-1.063605784583147
1.1298959420268528,0.8719228134174388,-1.0569530867137062
1.1304705640157433,0.8715499007652253,-1.0533261314557885
1.1312857294021021,0.8710317239092912,-1.046718862461904
1.1318348132371998,0.870636758397957,-1.0427657312163832
1.132678087703687,0.8700320851972045,-1.036916720093762
1.1331721591647026,0.8696454410359348,-1.0336614084572837
1.1338944485067264,0.8690483547024997,-1.027505770253003
1.1344353698060918,0.8686510645937727,-1.021992010851236
1.1351202443658317,0.8680713809706293,-1.0157442416605236
1.135552348963911,0.8676594417349447,-1.012055569225261
1.1362250754262269,0.8670986387650279,-1.0052676403056686
1.1366995873615255,0.8667173477628641,-1.0001621932009137
1.1372329184115773,0.8661739404867809,-0.9931606708058797
1.1375903116220285,0.8658303274837893,-0.9881177866128119
1.1381878779070322,0.8653753469079007,-0.9833563615145865
1.1387017066763405,0.8648556294243578,-0.9746512667475704
1.1390010850597123,0.8644098837598967,-0.9666071435542971
1.1393012092830224,0.8641033435474035,-0.9625664076244209
1.1397694304511063,0.8636310753330391,-0.9535418031063526
1.1402552630882774,0.8632278869713258,-0.9433247682048702
1.140544044301944,0.8628445585127934,-0.938667413423236
1.1409559884326865,0.862398920532318,-0.9304519339247487
1.1412492275023252,0.8620832073633352,-0.9251195628516811
1.1417450729996212,0.8616286352298168,-0.916209330809622
1.1420640048735577,0.8613448900985361,-0.9108959920643724
1.1425348130874344,0.8609425252919755,-0.9026849678796685
1.1428146297164254,0.8606603170007081,-0.8995919382599417
1.1432834973204347,0.8601748269195655,-0.898706281680496
1.1435661408949762,0.8598554117801579,-0.9006761428135819
1.144059777345455,0.8592976227238084,-0.906736851053099
1.1443762052664557,0.8589075783448263,-0.9119862946753041
1.144921507692042,0.858234773081738,-0.9246490439684735
1.1452157902908966,0.8576661352577579,-0.9354955178597242
1.1456113646658845,0.8569118675316731,-0.9531348723027898
1.1458916471502492,0.8563044918416026,-0.9676405187291051
1.1462234665051507,0.8553725192228836,-0.9914424063931334
1.1464386260174315,0.8547174976763658,-1.0100323970237761
1.1466655319333805,0.8536843766094332,-1.0396517980191333
1.146868219290051,0.8529335938230057,-1.0593883538924993
1.1470465693485072,0.8518744472704686,-1.0906731067330908
1.1471639648707561,0.85117411884327,-1.1126764361287904
1.147179742561178,0.8501435675636032,-1.1479071760002002
1.147218808748165,0.849483187524696,-1.1727030755547387
1.147147304170754,0.8484857126553306,-1.2083618601305897
1.1470048485018194,0.8475491417340211,-1.2452561098484132
1.1469389866453226,0.846977788208876,-1.2671315093273452
1.1469075284764663,0.8463369334568218,-1.2903325053068466
1.1467183754008292,0.8454818217283876,-1.3223381977716868
1.1466050277500661,0.8446927199428851,-1.3501228009082815
1.1465050366330807,0.8441600986940091,-1.3686803594655041
1.1462246789105814,0.8434281813396919,-1.3943520679807144
1.1461883795818415,0.8429871051085412,-1.4073798984819859
1.1461992867087851,0.8423116352557013,-1.425569252657209
1.1462481715829438,0.8418593917690591,-1.4372656796737968
1.146292690125578,0.8412185779878524,-1.4501655917793546
1.1463566899241502,0.8407107737569638,-1.459115737321905
1.1465560287080305,0.8401130256129852,-1.4675413425608412
1.1468015837921564,0.839708475400703,-1.4734116660808851
1.1471843710929173,0.8391731806257297,-1.4795436951545564
1.147462320367629,0.8387601446641352,-1.4829866228835686
1.14794699954483,0.8381902963286725,-1.4853237624363835
1.1483406785810852,0.8378008071892381,-1.4854052077549902
1.148994088134742,0.8372579396086054,-1.4845366301422602
1.149435413895811,0.8369233693074075,-1.4835047914144934
1.150210133484988,0.8364771286483315,-1.4799105961096097
1.1509818025978118,0.8358458529007406,-1.4772519963203008
1.1515212862924085,0.8354787285854809,-1.4739895612194123
1.1524004166197643,0.8350471922178673,-1.4672414373788596
1.1529201229221462,0.8345929480302601,-1.4656513890649743
1.1538021873649693,0.8340344680077812,-1.4591225899933598
1.154388122891375,0.8336428808776565,-1.4535560656575572
1.1550940821475322,0.8330941359464128,-1.4471385207407732
1.155657322369058,0.8326577171971454,-1.4421729763180227
1.1565381680546258,0.8319978882691812,-1.4350519157377335
1.157023772575077,0.8315556697954382,-1.4314863761484107
1.1577924832197162,0.8308708117939206,-1.4243215637658249
1.1583143025721272,0.8304665465306272,-1.4189580392160284
1.1589907280710845,0.8296344351831441,-1.414192483576887
1.159444766039552,0.8290988244648017,-1.411051877180039
1.1602740105224112,0.8282225939210011,-1.403190299477871
1.160628225476854,0.8277235946796262,-1.399656242918754
1.1612368686062744,0.8268044242263389,-1.394062296571648
1.1616827467440478,0.8261659904395838,-1.3887990327452553
1.162238663696834,0.8253193689535415,-1.3821726605109088
1.162627334970379,0.8246669508655888,-1.377951881332667
1.1631360097172734,0.8236812806854586,-1.3724925193454274
1.1637262771645644,0.8227605777537045,-1.3654238165044361
1.1640706735369848,0.8221167961492298,-1.3608066281762878
1.1645124223743764,0.8211939020788451,-1.3548071263232917
1.1647766581398091,0.820587048960449,-1.3502946860340383
1.1652009251761566,0.8196292594610475,-1.3429143033288247
1.1654901071905062,0.8189860748135324,-1.3372915338391356
1.1658449262407606,0.8182100903482712,-1.329869902780483
1.1660505801138208,0.817656721634981,-1.32551122178512
1.1663864828390387,0.8167147909842963,-1.3176975068469714
1.1666498205913012,0.8161340692253405,-1.3136447040508317
1.1670483993236074,0.8153500284708664,-1.3037350136790251
1.1672349678050922,0.8148763544761215,-1.2984121665260888
1.1675062606358622,0.8141663789339406,-1.2918230864578533
1.167757699728732,0.8136363570114368,-1.2855273634658835
1.1681034976963114,0.8129445449076006,-1.2767677496476004
1.1683245228750536,0.8125359743014948,-1.2715826663562189
1.1686584803777038,0.8119192081093826,-1.2625080274406428
1.1689264348136668,0.8115248321949347,-1.2572328683035174
1.1693151645589495,0.8110043315562278,-1.2503696251972027
1.1695419507371225,0.8106289096516042,-1.2461035119410684
1.169950791068471,0.81000648831582,-1.2425209344926873
1.1702350731282378,0.8095928477730264,-1.2433767391554218
1.1706022949142358,0.8089957398082821,-1.248392286070074
1.1709523915331252,0.8084449299259441,-1.257707191766573
1.1711448893906211,0.8079747799926889,-1.2648078545657702
1.1714012337999804,0.8071267965256002,-1.2797462674423241
1.1715664834068755,0.8065252679709173,-1.2925034256287067
1.1717423982290087,0.8056348478232157,-1.3129274919446012
1.1718022183604055,0.8049969831545662,-1.3285735953291062
1.1718272065290067,0.8039586090054112,-1.3564499914614987
1.1717834806743102,0.8033684671162565,-1.3735265432479518
1.1716616821187962,0.8022525423948397,-1.403799481391353
1.171534751826119,0.8015581044166491,-1.427011377251388
1.1713447364946836,0.8005134089303817,-1.458576961420138
1.1711016411965993,0.7999200330672129,-1.4856744072184804
1.1707229133631825,0.7988640209028319,-1.5177682942604762
1.1705020505914472,0.7981520348212714,-1.5421333226961706
1.170113738039422,0.7972553826857207,-1.5796080819789418
1.1698469223141679,0.7966288369428857,-1.6026468012463542
1.169289402297283,0.7959139143286686,-1.63944979459958
1.1689674403792887,0.7952747305218503,-1.6590781519895228
1.1686278974481454,0.7944659132398157,-1.6897618189701842
1.1682173696879514,0.7940950735764846,-1.707046626574619
1.1678436958883252,0.7932254942811341,-1.7328883079045188
1.1675989399664457,0.7927519376196944,-1.7483586732596108
1.1673292394085852,0.7920317708463644,-1.7692104207272297
1.1671677374356597,0.7915246904388297,-1.782874743627957
1.167031209431709,0.7908085795639356,-1.7973036349982385
1.1670054932877811,0.7900759995074336,-1.8099725980714687
1.1670339245351624,0.7895571154958618,-1.8172307649272756
1.1670473148249916,0.7889394023847826,-1.8274293267121402
1.1672328392637616,0.7882567932279168,-1.8294857866052066
1.1675386481872763,0.7874239992928916,-1.8347239452426096
1.1677187742149964,0.7869255651370297,-1.8365556194774393
1.1681287770490203,0.7861163009303545,-1.8403875955337488
1.1684581489301293,0.785546269766313,-1.84174577393017
1.168942729048483,0.7847449872066096,-1.8401844250521062
1.1693261163693986,0.7841728313614138,-1.839269348283025
1.1698998001938976,0.7833329948176381,-1.8358037374730682
1.1702296039222733,0.7828863648285063,-1.8351812090640032
1.1709268829768311,0.7818711718028764,-1.8284902701523795
1.171211736746137,0.781128699077399,-1.8233006853033642
1.1719501317588927,0.7804369368476387,-1.8194159480625436
1.1723358836092959,0.7798723553788651,-1.81524665944989
1.1728444779472795,0.7790406561171146,-1.8092615620449153
1.1732785710895537,0.7784155344562328,-1.8041735854790626
1.173799361292251,0.7774742449290842,-1.7984236076206712
1.1740754932802726,0.7768870313795885,-1.794772302593745
1.1745487244301398,0.7759040927386065,-1.7876509265216407
1.174891560105175,0.7752519415218169,-1.7841665482705098
1.1752767475488237,0.7743854596563207,-1.7806453117796903
1.1755326314872514,0.7736848297880159,-1.778155106975459
1.1758499875028334,0.7725597800066779,-1.7707554968388093
1.1759707333753986,0.7719913417478337,-1.768725813137668
1.176319804485441,0.7707776054256901,-1.7618490647492557
1.1765438103163741,0.7697810928319754,-1.7544676546536757
1.1766515248842253,0.7690501259757189,-1.7499684413616607
1.1768766101016792,0.7677955813117932,-1.7475586317930643
1.1770048193581681,0.7670651005361638,-1.7426676489303234
1.1771552252185948,0.7659808284669859,-1.7359872739963076
1.1772656043021255,0.7652434642460066,-1.7331067278823022
1.1774119527288784,0.7640976736344182,-1.7277196714317191
1.1774874698783653,0.7633987283619454,-1.7240388666672195
1.1775479340908463,0.7623890596412968,-1.7175730499192172
1.1776844853996027,0.7616758408914417,-1.7118229580837951
1.1778140405118307,0.7607041873256799,-1.7058194351440847
1.1778424404668357,0.7600438310133718,-1.702461836755281
1.177996383892924,0.7589800603031801,-1.6935918329672908
1.1780764532589023,0.7583277544275625,-1.6894953491629288
1.1781159520462947,0.7575394935453613,-1.6836006730520723
1.1781689476890376,0.7569451487446878,-1.67778311606984
1.1783160748338501,0.7559467210082775,-1.668553190624656
1.17838179926881,0.7553874847497846,-1.6643486409744064
1.1784690513649172,0.7545520310843523,-1.65743685898835
1.1786237517746998,0.7537828029655123,-1.6510534445738285
1.1787429648402283,0.7531568413309042,-1.6430645549592406
1.1788770700972115,0.7524199374098691,-1.6340810121799205
1.1789139830066342,0.7519514230100636,-1.6278370914516878
1.1790668277530911,0.7511881639621204,-1.6195631075857828
1.179186803755766,0.7506825078840128,-1.6146583364513176
1.1793147508889683,0.7499123611833314,-1.6097026522773323
1.179414259223297,0.7493866456891666,-1.608682419437286
1.179578676230734,0.7485689833951269,-1.6114886770338934
1.1796689517056516,0.7479825317424489,-1.61494661146439
1.179745080693711,0.7471126764043782,-1.624500985633402
1.1797474908976178,0.7465576780535399,-1.631345929458477
1.179625093169853,0.7456911975791406,-1.6481874705848263
1.1795597079103461,0.7450100734160163,-1.6601358516262585
1.1794122898602986,0.7439419797731341,-1.6814349368483248
1.179256079236303,0.7430997982305042,-1.6949909061000632
1.1788101393173702,0.7421513530097097,-1.7199543912358186
1.1785468459923205,0.7413752210549223,-1.7388620282002096
1.1780758379162637,0.7403539313679443,-1.7707029080342729
1.17776426661587,0.7396905367588972,-1.7929543186336783
1.177235944424811,0.7388072873710264,-1.8263186094925485
1.1767530880695682,0.7381143868764908,-1.8487222676693076
1.1761659032925442,0.7373935463625956,-1.8868346348397476
1.1756804024749747,0.7368998519137077,-1.912522757280165
1.1750508140457334,0.7361527337921261,-1.947540523913201
1.1744770839317706,0.7354214828568835,-1.9850738502834
1.174063796953018,0.7350257340182824,-2.007433887310176
1.1734860322952148,0.7344954987916733,-2.0399060411780585
1.173062568117372,0.7340347962754075,-2.0574926664003295
1.1725830094698715,0.733445426296018,-2.0846714293766673
1.1722555053455748,0.7331508021443642,4.176349388027298
1.1717972581355562,0.7325594716921393,4.152718097115156
1.1715018933020152,0.732176649028268,4.139508618843565
1.1713022926655272,0.731521798611197,4.122806735261284
1.1711162716069496,0.7311088672266384,4.1124407589782574
1.1708501760201078,0.7305398203637784,4.098063910233449
1.170778741427349,0.7301081755768014,4.092170046285257
1.17073803654467,0.7293968488574156,4.085085379440706
1.1707103214302295,0.728865708714283,4.085161128853918
1.1707074189107431,0.7279090804130558,4.077336575978872
1.170781767049274,0.7273011214079655,4.0771058220845635
1.1709209046276012,0.7263737307019794,4.0772594440894805
1.1710226157013084,0.725738894959615,4.077204640726992
1.1711696195230803,0.7247440122883769,4.078096646068876
1.1713468671072407,0.7242116412923111,4.081872886212509
1.1715020361643833,0.7230751183634262,4.083819009288608
1.1716346400969686,0.7224050496349085,4.086270537694663
1.171868368217054,0.7212972338595635,4.09242876621793
1.172045882527573,0.720566419263328,4.096748594465663
1.1721863145458464,0.7195632725305751,4.101471422260803
1.1723168672819062,0.7189071260685314,4.1071636636147755
1.1724566547796442,0.7178034618972351,4.114265441323717
1.1724979620719964,0.7166828337620765,4.117865604677203
1.1726320710187614,0.7158984030348866,4.123242992543125
1.172707553452491,0.7148083778806072,4.12750463826211
1.1727221466233704,0.7141213667172099,4.1304323642482945
1.172776330615859,0.7130928151074281,4.137754841643436
1.1727808890428861,0.7122297017428261,4.138884456660679
1.1727677629328348,0.7111589025942464,4.141324181730886
1.1727506034380102,0.7104016926034525,4.144304304871034
1.1726827871710064,0.7092716138426357,4.149804912202796
1.172619461863454,0.7086990889693371,4.15402859007305
1.1725313897233531,0.7076395183031172,4.159149769646916
1.1724923781428669,0.7067819099307614,4.161534207376816
1.172317683173449,0.7057103715600511,4.166513006193355
1.172229782336059,0.705065184747392,4.170683425178145
1.1720656873120388,0.7040053806619445,4.178397140883051
1.1720010591873582,0.7034049030317389,4.185320874581052
1.1717769901933879,0.7022604414990076,-2.0924033807664024
1.1716263634655688,0.701285189366116,-2.0851472559325375
1.1715308715772383,0.7006311505627951,-2.0807096969266032
1.171249839295809,0.6997532580994924,-2.0749986656112065
1.1711343045057143,0.699206819213219,-2.0668804503152867
1.1708879987095067,0.6982094760917867,-2.0615039290880097
1.1707493875460144,0.6976537427556677,-2.055811899602657
1.170550436379712,0.6968218685950772,-2.047786446382073
1.1704082084566698,0.6962316310323987,-2.0420923340222767
1.170165065303703,0.6953814033804103,-2.033805179175109
1.1700066894556143,0.6948304141287914,-2.028707200557658
1.1698330262556396,0.694132828473091,-2.018341201179413
1.1697385192247403,0.6934921725855919,-2.015750227725417
1.1695871601000782,0.6926400833474663,-2.0086006229399707
1.1694730062423648,0.6921034235516419,-2.0035630146507635
1.1692285634925788,0.6913352122278296,-1.9960135619280615
1.1690700509015237,0.6908613715764242,-1.9892604887828347
1.168922466089946,0.6900712556588405,-1.9830587480449524
1.1687994808716022,0.6895130529966171,-1.980653818600931
1.1686164351560893,0.6887167990085367,-1.983353577851557
1.1685157660804593,0.6880179144344013,-1.9847398017753646
1.1683184016359744,0.6871590218689703,-1.9914348120743643
1.1680462091111299,0.6865669830176376,-1.9983178827268746
1.1675732559825183,0.6856855334749593,-2.011788626482785
1.1672787309721022,0.6850160949951167,-2.023597703729326
1.1667856114006603,0.6840503801560942,-2.0438787392651365
1.166481095289568,0.683383748888156,-2.0585299985274808
1.165616057843421,0.6825504660373806,-2.0841931770553717
1.1651145585492675,0.6819326817406011,4.177316875428791
1.164398831771249,0.6810178547293676,4.14866495410567
1.1637141384332337,0.6801690774417882,4.116195398185368
1.163063855631664,0.6797632326137129,4.094017667782155
1.1621849822017614,0.6790563664232213,4.058836168559054
1.161700037356994,0.6785750051662196,4.036257631293893
1.1608909141307344,0.6780172937480886,3.998710049785091
1.1602757140333428,0.677695896939913,3.97232963835858
1.1594925905420872,0.6772320906094161,3.936998824291822
1.158938362416712,0.6769657181407202,3.911044711900516
1.1580981079848371,0.676838682051669,3.875163238991194
1.1576668173395797,0.6766339051838485,3.853248836956779
1.1569655915647776,0.6760824200491009,3.826408462968524
1.1564736199026424,0.675913687785689,3.8081937750834634
1.155900789336862,0.6755559495159705,3.7830266395017964
1.1555251110856881,0.6753388110515763,3.769200667564888
1.1549028865411182,0.6749480525439523,3.7505358466403074
1.1545272101946082,0.6747624606976271,3.7384960939203413
1.1540829500387486,0.6741973398603375,3.725002354598636
1.1537802063348104,0.6738261706037694,3.715841846372551
1.1534459141393747,0.673239298291684,3.7062969217643853
1.1532047642218177,0.672801323545325,3.7014999501311534
1.1528040449364996,0.672229484943054,3.6986894437021585
1.1524324073356504,0.6713593057953634,3.692443215826159
1.1522089699167595,0.6707824585323172,3.691639578276021
1.1519298197195014,0.6697966393160202,3.690990155643576
1.1517017075200273,0.6692164372911648,3.691443927952207
1.1514622411659297,0.6683140748077739,3.694179912854488
1.1512788553151636,0.6676887404042318,3.696498799875756
1.1510374648092274,0.6666460376750535,3.700460026808678
1.150906523871621,0.665935519275049,3.7028043677958644
1.1506875249793336,0.6649302215545231,3.707572431346923
1.1504871092585154,0.6643184549796556,3.7107263308735674
1.1501711167278843,0.6632315484232092,3.7181630248300825
1.1499239380508963,0.6625100423926652,3.721425953792183
1.149679927062184,0.6615720395318644,3.7274836015033865
1.1494528014958598,0.6609616022432666,3.7298745611614748
1.1490944996452126,0.6599796516365823,3.73492646757777
1.1487883768635316,0.6592478844248885,3.740108078720549
1.1483368247288348,0.658259624604916,3.744654407295427
1.1481102466579356,0.6576223732998118,3.748444637295795
1.1477324768538675,0.6567020017621497,3.750744928510427
1.147460921635976,0.6559434168489079,3.754729823522517
1.1468788542697295,0.6549729072406458,3.7600548503786073
1.1464618709581038,0.6542814672096212,3.763676395940174
1.14587426776651,0.6533134926648319,3.7683281285778674
1.1455408832266907,0.6526664532942029,3.7699207347964054
1.1449501279197791,0.65171601975518,3.774853967402002
1.1444203116710487,0.6509043945649093,3.7790120684977326
1.1439791191362338,0.6501968995883559,3.7842596834701556
1.143323693236523,0.6493409691081259,3.791185949766006
1.142906512764212,0.6487635515286858,3.7956887229571867
1.1423434206929028,0.6479688451062278,3.7994039194685065
1.1419430885693906,0.647284807910902,3.8045550971621855
1.1412350705087086,0.6464409127829035,3.811907679154681
1.1407757208748228,0.6458806899309391,3.8155329330419017
1.140237780872901,0.6450844514809051,3.8218743163180964
1.1398464585340518,0.6446490161516656,3.8289648354604156
1.139312458232089,0.6437598051864587,3.835247791607766
1.1389885463358025,0.6433292625275802,3.838038426607791
1.1382821312559634,0.6426406352423591,3.8432115402851807
1.13794929023917,0.64205449588174,3.8516301493958296
1.1374783109808284,0.6413558422333667,3.857655085639495
1.1372079723480253,0.6408524432786228,3.862370976160444
1.1366590464309096,0.6399774105955939,3.8732734057223746
1.1363677200235516,0.6396603202613472,3.8770340552226847
1.1359012566603093,0.6390221798357321,3.8839063763746076
1.135664829562342,0.6385876292092547,3.888472252672424
1.1352139034539557,0.6379576505659384,3.8959737118629514
1.134909761925104,0.6375176417189579,3.898580449201248
1.1345327271830845,0.6369219193166623,3.8991719447318083
1.1340745417776903,0.6362718712838875,3.8970628892426817
1.133741139453257,0.6358210048623428,3.89195858052855
1.1331277471705916,0.6351189091867807,3.88239198389058
1.1326712846085074,0.6346210990526139,3.8712717602751296
1.1320121037864694,0.6341209415202028,3.8571722425432258
1.1315686951446986,0.6337563928214159,3.8430895327202177
1.1306669576223018,0.6330454086340644,3.8199051698499367
1.1299955954901315,0.6327062902189914,3.802662506161335
1.1291150791114208,0.6321941955614716,3.776039863274103
1.1284568369912267,0.6318668887693759,3.7556091059759704
1.127381245567552,0.6315209580513558,3.7241148509065534
1.1267165782133772,0.6312277338721174,3.7028933646073954
1.125615079088873,0.6310045862141508,3.6668885279356105
1.1249331367570738,0.6308544277684539,3.6458694818978787
1.1238582612908372,0.6307268120277424,3.6074793953516053
1.1232950402866766,0.6305411296560987,3.583093314932406
1.122292521268234,0.6305030285018618,3.5455291354046667
1.121660313539585,0.6305017183547966,3.5226551532670305
1.1207808914624222,0.630363973726105,3.48615732827966
1.1201575596414246,0.630362167847533,3.4660763996605377
1.119376790252382,0.6303951833001776,3.4371287938552673
1.1187823412036566,0.6303330903580008,3.418920628805993
1.1179486097209987,0.6301632971199185,3.3930101905944934
1.1175725003913757,0.6305456766318903,3.373161055866061
1.116977738593761,0.6305535360912708,3.349551803468325
1.116523815993638,0.6303862067891807,3.337167070942471
1.1158976108915366,0.6299670003999109,3.3243712644872785
1.1152265981696285,0.6296116834721628,3.310735982535553
1.1147800692638037,0.6293596818603411,3.304299678354395
1.1141724343427537,0.6288580523245925,3.295657803210138
1.1137262432312034,0.628521388349424,3.2907745902443515
1.1131455152260694,0.6279122561447004,3.2858147311172385
1.1127721035144211,0.6274628511668316,3.2828268726376404
1.1122240411626145,0.6267342460387734,3.280561287865667
1.1118634215035001,0.626245035673285,3.279846825494425
1.1112582048172592,0.6254735353189168,3.2812391326704673
1.1108693117173554,0.624897398237666,3.2837921083014336
1.1103458722110595,0.6241325244187127,3.2876252180654313
1.1099936190007995,0.6234780516631412,3.2890876557535282
1.10944114532413,0.6226189142998559,3.2935999779645253
1.1089816396391958,0.6220710331857177,3.2967482160865393
1.1083937021029469,0.6212576783696905,3.3016234658789307
1.1080372268629786,0.6207190723326186,3.304741191579764
1.1073837340730326,0.6198985284308405,3.309271310537355
1.106977152169,0.6194598454567862,3.3132873215476626
1.1063452056803924,0.6187903215059218,3.3180305381596393
1.1056652287973636,0.6180990696630011,3.3222560116123487
1.1051632196630061,0.6175536215796485,3.3270856539640286
1.1044651746317682,0.6168742101043283,3.3329166126338268
1.1039665727747838,0.6164412201929388,3.336538776738202
1.103495049921882,0.6160578751349512,3.3393568108972635
1.1026779303488208,0.6152838167685126,3.3458498244343464
1.1017002368749804,0.6146875671056828,3.354234338411962
1.1010748120012384,0.6142251322030231,3.355229238664495
1.1003186817704622,0.6136151524458274,3.36108104844974
1.0999550898308172,0.6134687935058306,3.3617652980032706
1.098783318881806,0.6127598480031416,3.3702087137107095
1.098231065291403,0.6123949533841251,3.3718397364509065
1.0974352414941668,0.6119637335581065,3.3756609473319354
1.096771374901521,0.6114777986826706,3.3828140176290478
1.095893288349428,0.6109131991865353,3.386870596149295
1.0952164701581413,0.6105744983914249,3.390624909172418
1.0943122946985575,0.6100999080065199,3.397719212912417
1.0937372064209272,0.6097930091383961,3.4006714722353455
1.0929481905495813,0.6092925674731677,3.406209940915211
1.0922798971162162,0.6088680691362157,3.4114977711984404
1.0914551396050403,0.608389466077121,3.4167133942789096
1.0908652200963156,0.6080415915652427,3.4218636757835497
1.090131199944763,0.6075286547291987,3.4298240430439386
1.0896221954391707,0.6071707282785882,3.4359729231179768
1.088841085938195,0.6067414911248288,3.442757636809867
1.0884000008138164,0.6064549885595146,3.4472340630278153
1.0875550511819185,0.6060871243769642,3.4538001403583096
1.0868599124802718,0.6058123934020302,3.4581773736769845
1.0864608307862802,0.6053980514724968,3.4700662766309684
1.0858191508530282,0.6049238949068504,3.4808548536405426
1.0853993477662802,0.6046468567767849,3.485250384762128
1.0847777434377013,0.6040894842264289,3.4905688925183322
1.0842832699055809,0.6037611274671866,3.497144997431894
1.0836994099574881,0.603323520537207,3.500179592375175
1.0833060295987849,0.6030353915305149,3.4988435300158303
1.0825729634810088,0.6025876549803831,3.495912703643216
1.0820521555313327,0.6022750960575503,3.4913592685222063
1.0812673690050665,0.6018968584659754,3.482222412341817
1.0807115270674044,0.6016899291901529,3.4740069360744323
1.0797226513558542,0.6015028300447731,3.4560949342378207
1.079096034684273,0.6012014104718907,3.444855755975481
1.0781542999865197,0.6010199837260294,3.4224764151813223
1.077424900987377,0.6008929617483566,3.4058166524983307
1.0763566042312371,0.600850421868092,3.3773400132748987
1.0756851185088663,0.6008849225320335,3.357132478644381
1.0746838482366619,0.6008618942031007,3.325729166352627
1.07359010487245,0.6009666286310555,3.292106201136237
1.0728661242212643,0.6010803348178655,3.2684646045591976
1.071957226037676,0.601168849078347,3.234446548737339
1.0712864466667766,0.6013149998649258,3.208866007966256
1.0703916915462965,0.6015616906105276,3.1721235596626483
1.0698056033137375,0.6016845726630357,3.149230026944982
1.0690390633309055,0.6019726833621858,3.110899497727567
1.0684593759660523,0.6023324924058616,3.083111265298665
1.0677475238181238,0.6026479819134097,3.056965186649783
1.0671861847823796,0.6025619894302549,3.0391471288500527
1.0665909545749257,0.6031841852584608,3.005542368775068
1.0661379081450997,0.6032208421398162,2.992809614161034
1.065395282898408,0.6034407985445095,2.9695190492325616
1.0650056504944378,0.6035546521790953,2.9570501531264957
1.0642907304956053,0.6036913777799316,2.9396862680349716
1.0637718326007841,0.6036100230285166,2.9293499109422854
1.0630261314780889,0.6035907999956849,2.916977573253732
1.0624993688988495,0.6035672618649796,2.910925602408661
1.0615822964993187,0.603482813710774,2.901876626274957
1.0611200457154117,0.6033547791093993,2.8979619945325727
1.0603809142839555,0.6032209335519679,2.89389501973295
1.0596644327894011,0.6029058336705367,2.8956550855102066
1.0588526067235076,0.6026677783456779,2.8927860451625804
1.0583440418072816,0.6024139539510801,2.892464159813007
1.0574437530829648,0.6018727777014987,2.89514328400095
1.0567558222615063,0.6016127953929854,2.896277794277029
1.0559125630855184,0.601168313800381,2.898642344863601
1.0552907739833302,0.6008599461946832,2.8990637498956193
1.054242717526526,0.6004689562180621,2.9031417579850527
1.0534369505321715,0.6001007754710749,2.909437615184623
1.0527811828725149,0.5996642129265227,2.9101842888535687
1.0517263069411384,0.5992091305149523,2.9166335002570105
1.051149009325735,0.5988937870046219,2.9186980778264724
1.0501128806731082,0.5983841523632387,2.927905475722848
1.0494489780616596,0.5982723704539639,2.928495345306393
1.0484751312570237,0.5978128408631844,2.933973298334407
1.0477926859230404,0.5977176672771916,2.9363439264156503
1.0468012247257044,0.5972004891144764,2.942704240028308
1.0461803362320758,0.5969480426535887,2.9455047665282583
1.0451426220360747,0.5967638384353364,2.9482992018526044
1.0444723253815402,0.5963968033149878,2.954603493947727
1.0434225677537352,0.5961747636381723,2.9595315908422273
1.0427268136850774,0.5959486182762689,2.964116138705093
1.0417810631899915,0.5957108484115233,2.9697800893929567
1.041030884830921,0.5956000765723608,2.9762815462847256
1.0400480096664093,0.5952509649422866,2.979798089889748
1.0393685070399727,0.5951136433523977,2.9828950448725204
1.038288077121681,0.5949831766563426,2.9911561453523827
1.0377000182270981,0.5948504530862176,2.995024712356003
1.0366559255606833,0.5946508119850897,3.0024799583965076
1.0360129229264674,0.5945873152400027,3.006548209594657
1.035032020128493,0.5945094597068157,3.0140284935002772
1.03405414525198,0.5944459986022816,3.02076174405561
1.0334149870319083,0.5943971220719203,3.0239822046135063
1.0327789644277663,0.5944733375630257,3.02642441428916
1.0318619651246699,0.594294092168819,3.0365706367054166
1.0309402877583973,0.5944413313085617,3.0403979605983227
1.0302211596117348,0.5944136502103962,3.0454799494862406
1.029373390941532,0.5944046827715902,3.0501951231581126
1.0288387286382923,0.5944629189726711,3.058855213446064
1.027941268213406,0.5944429083045447,3.066351817450959
1.0272984139003805,0.5943719335045383,3.067657447911927
1.0264042991440685,0.5941792641333752,3.0781024106992247
1.0258864771751721,0.5941410971363785,3.083637623539062
1.025062791771157,0.5940693134427127,3.0924795642823266
1.0245157797840603,0.5939877558502569,3.0969609219496896
1.0236187673194894,0.5939149617903179,3.1007834174080866
1.0230495672089697,0.5938536730913978,3.1030901630418097
1.0222685341327884,0.5937074083617948,3.1004776279252635
1.0215332268428725,0.5934936613397366,3.098156583492028
1.0206016057693772,0.593392283015422,3.0895662617191855
1.0199396341277527,0.5933117936351485,3.081969052936241
1.0191090569521508,0.5934502858893501,3.0636532767531333
1.0184104054857792,0.593434154307783,3.0497099189431087
1.0174413830457192,0.5936495219041249,3.032363836638877
1.0166499656593577,0.5935041154515275,3.0119109345166803
1.015713036772783,0.5938081355220719,2.9863208904937553
1.014992870925119,0.5940477141672335,2.9694591523097653
1.0140802880414104,0.594313620011372,2.937070959480991
1.0134232517197848,0.5946228961830127,2.9176803593937577
1.0125048337554625,0.595175768874821,2.8813795092309835
1.0119629979796654,0.5953827171832164,2.858723363667139
1.0111641115657344,0.5958578767947289,2.8227896979480396
1.0104248925347958,0.596352294463145,2.785777431089078
1.0099574758725063,0.5967233298166682,2.7601275702208454
1.009304981269387,0.5972783201656412,2.7245181836394403
1.0089207337759942,0.5977593772035681,2.7024470433997125
1.0082904216844888,0.598183206191142,2.6680154314959665
1.007850556379085,0.598678551886416,2.6469423942967714
1.007435456552622,0.5991899763953479,2.620534709473757
1.007090830164686,0.5995179715646425,2.6032106379395183
1.0064882765520793,0.6001292376190764,2.5799116978483827
1.0061731374860683,0.6003970473120713,2.566903443911467
1.0055387383057743,0.6008214965388299,2.5498827981341616
1.005166357628956,0.6010802284233432,2.5395039536787323
1.00442931625506,0.6015941925241136,2.524223271698171
1.0039272730474984,0.6016997999588137,2.5181734911716864
1.003260084686514,0.602031450031663,2.5088185300112382
1.0027527229257376,0.6021413948023824,2.50386709759646
1.0018608976675791,0.602076918288114,2.4980045980051107
1.001271026479745,0.6023635126502174,2.4961314934906094
1.0004344374363865,0.60245106822618,2.4929236321754167
0.9998181911588391,0.6025139929923077,2.4918680583203843
0.9987622858849007,0.602577434547488,2.4920674533738314
0.9981111413078961,0.6024565179694904,2.492082802575301
0.9971726516417796,0.6023944727255115,2.4962040997421133
0.9965653083802443,0.6024622480115998,2.498732505074388
0.9956278750386502,0.6023572124143706,2.5025708231587016
0.994977289499369,0.602281378857132,2.5063678334872397
0.9940154353002428,0.6020618906065005,2.5115473394795442
0.9930334790247594,0.602203779408821,2.5162645825655083
0.9923214963997101,0.6021947476430572,2.5200304648534217
0.9914866265313063,0.6021232972049426,2.5256766225390046
0.9907658796948916,0.60204873725337,2.530669969701421
0.9897630734487366,0.6020314753310064,2.535150065339704
0.98917494242155,0.6022872165502455,2.538515838386716
0.988243369974134,0.6022826993166435,2.5439797625251956
0.9875926645176353,0.6022715863217663,2.543879943705907
0.9865025287611379,0.6022744402945243,2.5507293048994923
0.9858966771171341,0.6024714545710356,2.5532333920413506
0.984851739590423,0.6024051092499066,2.5607266638265966
0.9841837888087851,0.6024952882287414,2.56331679984081
0.9830726084031738,0.6026910599715649,2.568656004877425
0.9823945402126913,0.6027871901943395,2.572999653108579
0.9814076988631664,0.6030211837834228,2.578593804586726
0.9807785842703204,0.6031735908668877,2.582076886540385
0.9797471647078374,0.6034533997032111,2.5888128573425644
0.9791070353267954,0.603622544476626,2.592637389095293
0.9779380944597621,0.6039784414370912,2.5974412097236765
0.9772781740758181,0.6042071482404744,2.602494485356467
0.9763236917619135,0.6045952201502972,2.6090935958396573
0.9753173409478717,0.6049237200795751,2.6155245875906177
0.9747222312137194,0.6051567850202553,2.6205988952639556
0.973722139805484,0.6056059988597984,2.6278672257898017
0.9730768144831315,0.6057358877022596,2.631379861819968
0.9723104642343591,0.606035257504686,2.6389216215186737
0.971661305671489,0.6062548567781099,2.6446313126532623
0.9707688924300562,0.6065318888594534,2.6501952031274434
0.9702348809460456,0.6068389011136442,2.6570939300500345
0.9693953899899924,0.6069995997391885,2.6641139360290644
0.9689081424815746,0.6071453661180484,2.6683471418283764
0.9681421306277485,0.6073341085372415,2.6747863509687595
0.9676364925931674,0.6074843197075944,2.679680466608104
0.966855494063828,0.607687155524678,2.6872489143317457
0.9664033174840383,0.6077591291483059,2.692202206532959
0.9656756839610166,0.6078814372929835,2.697774698794016
0.9651649647467446,0.6079585191955347,2.701026822494643
0.9644568878545168,0.6080743099731711,2.704107581642966
0.9639667154619704,0.6081637822370126,2.702941642692067
0.9631950708605167,0.6083323245788826,2.6982948238586943
0.9626643860215434,0.6084807862487451,2.693348267965784
0.9618608648248161,0.6087331522302102,2.6831272233924377
0.9613449824016636,0.608952117580272,2.677634061457671
0.9606232073287772,0.6092825549754817,2.6696928897021412
0.9598007418241667,0.6096239339287625,2.662102043082415
0.9591386931853193,0.6099094321241222,2.6616347781530934
0.9586048772149549,0.6102309665177347,2.6608061642125573
0.9579173934188341,0.6108171730042321,2.6589028237290884
0.9571220752708333,0.611270225877866,2.6639952750820446
0.9565161435310852,0.6114248862124836,2.6717650219752693
0.9557783306908626,0.6118777388005655,2.680319169436385
0.955187032699525,0.6120650201332369,2.689390022782366
0.9541525438003624,0.6122052253288233,2.707588124753299
0.9534508866198523,0.6123306969357941,2.71665694967733
0.9524607730155575,0.6125642585544383,2.7322899972394965
0.9517491546218905,0.6124197498809437,2.7390409127381705
0.9506255117536473,0.6125194583573862,2.751430242366553
0.9498757155332898,0.6124873447811766,2.7545432823806766
0.9486365870562727,0.6123928741001902,2.757752868588049
0.9478581101367082,0.6122313089783618,2.7593338843098985
0.9467007135212746,0.6123520962168806,2.7499762566500268
0.9459302825972458,0.6123946354708552,2.7448105986412203
0.9446706648450066,0.6124758193270275,2.733418146113296
0.9440229717719357,0.6127712813728656,2.7211011593195926
0.9427394322817597,0.612991084164359,2.7115198650018066
0.9419807805812984,0.6134288895313563,2.7054748105578104
0.9410433854163192,0.6138049292058859,2.692324282738458
0.9404970627894785,0.6141864490059745,2.6876789728455015
0.939443670450277,0.6147356573927115,2.6840869801941807
0.9388792966693665,0.614893819226385,2.683087156030801
0.9381443169834396,0.6154416618056334,2.6893044807360207
0.9376892114211903,0.615807059339851,2.690359536751994
0.936974594389879,0.6159585315893308,2.704950382094107
0.9364417876373652,0.6160999168552368,2.7136108868132616
0.9356017836264486,0.6162467826255882,2.7246015659246576
0.935035814838637,0.6163290931170003,2.730439084079925
0.9340726981851974,0.6166233805727944,2.7378780745806446
0.9330499202261314,0.6166016162856913,2.738072152160008
0.9324535323626497,0.6166243463232765,2.738817170568569
0.9315751970754517,0.6166784344580818,2.7337713218443462
0.9308301783359039,0.6166969764207074,2.72655753088691
0.9298656502098503,0.6170287546219797,2.7173971862047233
0.929151902884354,0.61715909852232,2.70644817262662
0.9285049641752272,0.6174228333627084,2.6963123362493766
0.9275270737716369,0.6179909864002078,2.6832342994889533
0.9266612527789171,0.6186189300297164,2.6737824422416905
0.926022148770681,0.619086486173366,2.666535395853835
0.9252545331069969,0.6197984560805462,2.659925245460012
0.924743720644153,0.6203938404202397,2.6599435531394606
0.9237619532123518,0.6211667590918674,2.6614321611083676
0.9232711512373167,0.621645623723548,2.6649465760176394
0.9225552407024773,0.6224377016361694,2.6690747102009085
0.921851980386237,0.6227083636404054,2.679114965263234
0.920919899062822,0.6232852233793568,2.691650389817832
0.9201982754568216,0.6236064568040585,2.700893735088729
0.9190016632642021,0.6241466694201758,2.7130417453258313
0.9182693469821288,0.6243906458052756,2.718627585376454
0.9172053875579622,0.6246910776715217,2.7250869909227173
0.9164748975909632,0.6249156199409182,2.7244832178394027
0.9151513674075734,0.6249653503920487,2.7225283525465707
0.9138922109683257,0.6251315905545324,2.7186942534378105
0.9133179661857387,0.6253283263949357,2.712288924216062
0.9122222458132078,0.6255337210999861,2.7033314036727
0.9111295766712143,0.6259720462381277,2.6891251525068847
0.9103667156196533,0.6263255761848293,2.6790426157086618
0.90911617844439,0.6269007885279338,2.669586913195633
0.9080936443577946,0.6273971250295967,2.65904974344946
0.9074250494434271,0.6278140470380006,2.6540694048845626
0.9059671297282134,0.6283943163428866,2.655091954712038
0.9058109815143911,0.6288361793864059,2.6546379986263955
0.9051090920966567,0.6293753494613148,2.6607382932343584
0.9042886881476531,0.6298273195417488,2.6689916910712577
0.90350342749422,0.6302748541601025,2.6782243068552507
0.9029058412132787,0.6304819543420626,2.6846686689581056
0.9019230788933471,0.6307399810262339,2.6956290728873458
0.9015834680044663,0.6308635149301381,2.7038177244585446
0.9002425747383771,0.6311417372411783,2.7058470585669294
0.8995580363844901,0.6313103020772616,2.7074299792804397
0.8987950680983334,0.6315016295425736,2.7093396189809167
0.8979493406547322,0.6317415574921944,2.703831482756423
0.8967828459175418,0.6320431951782493,2.6953632352694656
0.896128640946533,0.6323112542116441,2.6877118492438306
0.8951155267548012,0.6329176592932483,2.667024494468293
0.8943066516297472,0.6332013267096044,2.6577728226534
0.8933601048921804,0.6338597259830571,2.6451447020634142
0.8926311557657637,0.6344773773179838,2.638714980831113
0.8916058666409628,0.6350511294485548,2.626013471868027
0.8909521974271587,0.6354842230449129,2.6219194323056962
0.8900283494341695,0.6362983553778689,2.6166026442453916
0.8890991367457489,0.6370269139496753,2.619279737317152
0.8882489659508471,0.6375215733128932,2.6222138391064505
0.8875628060836627,0.6379888355763023,2.6276685427413664
0.8866681893048585,0.6385181916237959,2.6382441176644704
0.8856109147000809,0.6389668060587418,2.6515488430221748
0.8848503497491691,0.6392183904486695,2.65855095553133
0.8838343177775605,0.6393090938098115,2.6714584627890723
0.882866450326922,0.6398472848217878,2.6736676455880026
0.8817258556921576,0.6398176924401963,2.685055927527184
0.8806386012873672,0.6401734669889535,2.6809420595645665
0.879261662364962,0.640072373563489,2.678506631295753
0.8781195987191379,0.6403271812652019,2.67091818172943
0.876831099238532,0.6406517204656843,2.661387728430855
0.8757880430849666,0.6407684657632726,2.651792752692172
0.8749899019287518,0.6410853588194684,2.642771691076757
0.8736430267293978,0.641618883790901,2.6290564445387177
0.8725170468175355,0.6421910282065648,2.622009065208942
0.8717288407466541,0.6425702872608764,2.6153591368854325
0.8702123867855058,0.6430853398676661,2.612404996652326
0.8694309026281363,0.6435407206387045,2.611202552856915
0.8684999390657593,0.6443406208054786,2.610438551015364
0.8679338270128726,0.6447405165809037,2.6134324883301994
0.8669577647402643,0.6453138731810003,2.6239317615029116
0.8664283138682844,0.6457443003412899,2.6359218607464783
0.8653154054950979,0.6460771833277672,2.6452341742804806
0.86478851224406,0.6464637649149337,2.650868371158047
0.86387433577486,0.646714008446095,2.657991527132402
0.8628973465024691,0.6469212023673804,2.6647706028375118
0.8615057687320308,0.6470673977929066,2.672011012826856
0.8613974270817399,0.6473909184253855,2.6773157092329427
0.8599165804258582,0.6477275513616246,2.6673205687233947
0.8588653050237863,0.6482324402623324,2.6614225777236915
0.858113073238625,0.6485589224775913,2.6519234741607245
0.8571202676687203,0.6492637227194359,2.6416684510984703
0.8565029031585222,0.6496217540740127,2.626501842181904
0.8554967711900029,0.6503152785194874,2.61354076040237
0.855012151546481,0.6508718026270388,2.6064645887957
0.8542036082625123,0.6515525132419738,2.5968781926756104
0.8532687605058269,0.6524364250923889,2.5889939216418116
0.852302679347159,0.6533209399405242,2.586208385295057
0.851860749811426,0.653932832237251,2.5850955017160224
0.8509032591367462,0.6546892547324388,2.5872509115898996
0.8506163581822574,0.6552789964208915,2.5954637188821
0.8499112416408507,0.655931500584447,2.6040490038965265
0.8489499459233097,0.6563631204909888,2.611213459836955
0.8481023658136592,0.6569729039354427,2.6222110415464885
0.8473101185931761,0.6572480604379345,2.6266213123438398
0.8459378371862599,0.6578201572515328,2.6330398120363467
0.8453073655705102,0.6580380425210309,2.634054761205737
0.8436617733447429,0.6583952195990923,2.6363185340613593
0.8429847420814793,0.6587586924093594,2.6312346004504006
0.8417654435500989,0.6592112201551632,2.628110276812495
0.8410469479708879,0.6596835627174717,2.6248312335698363
0.8392530001775139,0.6601284721794647,2.6007537061488364
0.8385025969347362,0.6605734569964402,2.5936554158224996
0.8372129421539759,0.6613114018823507,2.582019559049528
0.8365813598035793,0.6618477655056222,2.578427864815354
0.8351888375198695,0.6625424986669685,2.567792385974332
0.8343723761080436,0.6631646435185715,2.5623471599310657
0.8333014711454483,0.6640158140520498,2.554949872393796
0.8325985551114826,0.6646275996350537,2.5573923805375394
0.8314088156585749,0.6654045193667327,2.5615106176342284
0.8305349971926943,0.6662576543563172,2.5727621044112663
0.829900575069342,0.6668187724437721,2.5846548600300294
0.8287108553446293,0.667213841288052,2.593310382018001
0.8279388461955471,0.6674825208321656,2.6017681536070305
0.8269457799523424,0.668273919324925,2.6168679271154
0.8259519066896395,0.667935486047519,2.6188414137010727
0.8251557718248674,0.6687932338440048,2.6280348527893667
0.8244250496971007,0.6691711521732394,2.6338173398578038
0.8228651551908301,0.6694246561535916,2.630305737424
0.8220822378447491,0.669703265253071,2.62651212021902
0.8213114391706929,0.6701029709342347,2.6219786018931868
0.8198362237111129,0.6703749928418241,2.6076761306394114
0.8187644545164792,0.6711259705172727,2.593922006855199
0.8179542291513477,0.6715568896867724,2.5846459221292686
0.8170650381903426,0.6725627193831308,2.5794821395736993
0.8162981016155734,0.6730541456480921,2.574502001627007
0.8151526934736952,0.6739371230826272,2.563234138835076
0.8146694535732307,0.6744469317638635,2.563774232051082
0.8135456105687235,0.6753810897215918,2.5642053793407147
0.812899090468392,0.6758668137333489,2.5664298023840777
0.8119102173421365,0.6765425171544573,2.5740951973089388
0.8114778693095551,0.6769473341156695,2.5812206049728945
0.8103547240876587,0.6775540039049289,2.59664720781794
0.8091343890766735,0.6782096317238718,2.6077544995575046
0.8082858881951123,0.6785568079310685,2.6114160923828464
0.8076262162609472,0.678806133754658,2.6195242872315245
0.806242418866616,0.679091489639458,2.6172484196339996
0.8048806058420237,0.6794637017517544,2.614685861597325
0.8039844500996013,0.6797515397374216,2.612178750943898
0.8027749792572596,0.680227737178168,2.6024692448557625
0.801380252721738,0.6804786575132283,2.59705633164266
0.8002484887413243,0.6814206665766198,2.5854144318550993
0.7992135433787532,0.6816289111421203,2.5710002132504917
0.7977137399229343,0.6823837257956261,2.5551545145783474
0.7969339154205098,0.6832209036880441,2.549726407144066
0.7956575857145445,0.6840703873060552,2.538325765036792
0.7949461473715214,0.6847620938947198,2.5342434479950757
0.7941005681444143,0.6856503851314403,2.534800737761258
0.7936024390426799,0.6863389808388349,2.537309822318388
0.7923821471632838,0.687313675289999,2.535109955639284
0.7917353849190462,0.6879414636393514,2.5406342040645598
0.7906580312709041,0.6887871414140464,2.5541858436316165
0.7900034412706765,0.6892940395648927,2.563193342466257
0.7888017481959001,0.6898682623341827,2.5753575016255477
0.7879849978161301,0.6903240958423886,2.5841218876247423
0.7869050077201811,0.6908910050114511,2.5924746452429916
0.7856213924978052,0.6915390901758628,2.596763324699888
0.7848310988025411,0.6918607772298199,2.597511632746834
0.7836132843868726,0.6924373082872706,2.597063083975489
0.782762364939285,0.692912242158778,2.594235393201698
0.7815105424570311,0.6933745905509724,2.5837328429382294
0.7804919922737905,0.694084805185901,2.5765259626053503
0.7795357485924883,0.694645634507613,2.563958700405674
0.7786930795581672,0.6952112531079944,2.5549402615178196
0.7773940328000892,0.6961916902621312,2.544220139188176
0.776533647750013,0.6967879434698451,2.5383610482267707
0.7752835734777822,0.6976001929004885,2.536833879704407
0.7745996830145792,0.6983216959489934,2.53438249712335
0.7739129081168367,0.6991543249300627,2.5397900476791366
0.7729134476010405,0.6997789574996507,2.543106858523327
0.7718818601035666,0.7004717339696057,2.5493456443703044
0.7710218601883453,0.7009476066242899,2.5583990343417766
0.7698315872020167,0.7015378489889553,2.570026339595627
0.7690488532818737,0.7019202233210063,2.578750191359443
0.7676809271289264,0.7024013399297042,2.587608165410487
0.7668499663239803,0.702731350124043,2.591903550092012
0.7654370846835105,0.7031954948074814,2.599759936235435
0.7645995372660254,0.7034824745097483,2.599643269669648
0.7631372140249196,0.7039657322168068,2.5976362977704066
0.7621673957611808,0.7042951458756277,2.592809793735248
0.760915572806894,0.7048413133004725,2.583784148689665
0.7599636460115291,0.7055831518395009,2.571418717304737
0.7583932620366302,0.7059820308705944,2.5626267456704626
0.7570681423920976,0.7068678337174479,2.5492925840751104
0.7562073088538369,0.7074708858048434,2.5396997938498673
0.755561804270522,0.7081179996180992,2.5349274748625374
0.7540227982053488,0.7091360121463081,2.52316051592695
0.7533299400960518,0.7097316898517133,2.52080239672604
0.7525209426946701,0.710795689912896,2.5257085406345836
0.7510769565327906,0.7117355637363519,2.527549282533703
0.7505088200629558,0.7126255067930443,2.5291424667006783
0.7494746277282934,0.713461031969856,2.540975248722145
0.7486067099007632,0.7140189016259673,2.550699044306143
0.7474727348222605,0.7145368764105335,2.561437533707027
0.7465331825311066,0.7150167240755374,2.568963184436053
0.7457575682554075,0.7154740174419815,2.5750185761776683
0.7443890730495842,0.716079307187771,2.5794049324459203
0.7430699476805738,0.7165450555123929,2.5806429716852177
0.7422792304426221,0.7170736233445777,2.5787931901434242
0.7408570770554145,0.7180480979568439,2.5758836723642777
0.7400118966207458,0.7185214787123203,2.5693436091955912
0.7385717328714199,0.7188567467481128,2.5529740787708106
0.7376141073892181,0.7194229780008276,2.5423857911967453
0.7364423065643245,0.7202838061499778,2.5307333042291202
0.7355719473285035,0.7208469487036039,2.526256915812823
0.7342107495668134,0.7218130260424507,2.513582472282298
0.7334351396973631,0.7230783649220979,2.513634832742766
0.732462381435692,0.7237601480634315,2.5094808623858733
0.73109909644421,0.7243149847963714,2.5034178339978896
0.730400555861246,0.7249651291303945,2.5083830757795527
0.7292546078275152,0.7257833189616141,2.5158969840881102
0.7286537209390257,0.7264235156472301,2.524920598077492
0.727874030582404,0.7268896036013603,2.5313808280192154
0.7266355404977873,0.7276745046794723,2.5469071760722093
0.7253610920227896,0.7281769550529801,2.5564992404613585
0.7244364419212428,0.7286503033770622,2.5613049181116336
0.7232236214356605,0.7291974931493606,2.5654923714966564
0.7223009071541795,0.7295303750147013,2.5681342281897974
0.7210437816190779,0.730102077235885,2.566643338525131
0.7200024408965217,0.7304304946054657,2.5654813510730112
0.7186560996450502,0.7311337718423895,2.555054783302219
0.7176962883696757,0.7314916139903924,2.545741346320867
0.7162637735567705,0.7324980876110224,2.5365797389397726
0.7153836637456518,0.7328719631187111,2.525750288240844
0.7139582217601705,0.7336981240038439,2.512853798399353
0.7131639125141669,0.7343220731197665,2.507211282225568
0.7118606651649797,0.7353938944809031,2.4996883577481577
0.7104938673268479,0.7363876093030443,2.499367225226202
0.709926479948787,0.7371091971171533,2.5004172905036963
0.7091651891820571,0.7377562365423287,2.504505582964757
0.7079722897743332,0.7387333597312233,2.514402743525326
0.706802723901338,0.7394977519112492,2.524967672505262
0.7058776568961761,0.7399984740107671,2.533216548323739
0.7050737307160891,0.7406593817350057,2.5414550620024365
0.7037486200964738,0.7412894065537968,2.550700869320959
0.7028159155701058,0.7418552870733873,2.554923754743052
0.7015689916634857,0.7425954883096887,2.5574900614163103
0.7000920064309208,0.7432133623303542,2.558340652140738
0.6992253111131443,0.7437124397326774,2.5594367319351767
0.6978244865033572,0.7444591987219127,2.5484717684392635
0.6969730632586753,0.7451730888249236,2.5439281552973876
0.6956294046854867,0.7460828225892887,2.52868658361727
0.6947714067151527,0.7464489443110882,2.5143878602545633
0.6935107475259831,0.7475619828170054,2.4978342745002564
0.6924661236174797,0.7482256356139055,2.487469083686329
0.6912694365841667,0.7494193344445015,2.48076234310825
0.6905307346680103,0.7501274389704946,2.4707455215314673
0.6895083275326475,0.751301588876034,2.467344183493686
0.6888455739366943,0.7519999984568507,2.467276306487967
0.6877038331608809,0.7530259007054664,2.4705927939400913
0.6870742535015053,0.7539143358391115,2.4802642081102397
0.6860248189316748,0.7548199812812959,2.4900324517787693
0.684867165010539,0.7554444905751067,2.499787228771642
0.6841569722500477,0.7559349422839726,2.5077539489446714
0.6828311696338856,0.7566245990225199,2.5181515967717387
0.682052687140308,0.7571511945268029,2.5249750554715664
0.6807317317535676,0.7577307514111702,2.5300616752620533
0.6798500540417528,0.7581106972108452,2.5312335979666845
0.6784706113621078,0.7586445456680595,2.5286922267098433
0.6775623200741737,0.7591381683927443,2.528908943763898
0.6762035041440949,0.7597760034847789,2.5189307718054863
0.6752729585931586,0.7602186073428219,2.5097484262912912
0.6739245302466966,0.7609786424287283,2.4925841426257156
0.6730335938695685,0.7615310294960473,2.483683675656901
0.6716230225805733,0.7625467794994543,2.4766482772174694
0.6708259554770074,0.7631646377840325,2.4713704891725943
0.6697487644277855,0.7641910053104012,2.466989768106291
0.6689165064052551,0.7648620223124771,2.465698681948737
0.6678686971040355,0.7658417079668678,2.46926528664886
0.667169335545801,0.7664819006087729,2.4745697189925884
0.6660272672746523,0.767560448031704,2.4878833565656513
0.6652391968287072,0.7679780041821983,2.491418650419387
0.6640168146483864,0.7687675127771257,2.503927191383241
0.6631290436530891,0.7692563854087997,2.5133270553131726
0.6618608784345846,0.7699703928410467,2.5244803084877856
0.6603661968717696,0.7706623613460301,2.5319577360831795
0.6595263125836651,0.7711286367596143,2.5360693401878596
0.6580430184014647,0.7717621647513905,2.537640834970834
0.6571135542986842,0.7722850706053818,2.535643357262285
0.6556670964452316,0.7729602422270938,2.528368547056573
0.6547216555894554,0.7736413988303801,2.525442953506954
0.6538587443535143,0.7742369474006129,2.516712949178223
0.6524349958984623,0.775193156720854,2.502291875716257
0.6513739433531593,0.7757916862353496,2.48779175891362
0.6502391240580749,0.7769096932021984,2.47448846210825
0.6488942141785619,0.7780605962037039,2.4665402384535833
0.6481736073557487,0.7788182022734086,2.4611966022157725
0.6474448377652582,0.7796624186186218,2.4581313513399485
0.6462768886400727,0.7808009259730885,2.4597744679680993
0.6453061933076913,0.7819235906709188,2.4636229593044083
0.6446491088880192,0.7826305645027862,2.468382362099842
0.643514165193996,0.7837683015156122,2.4834476603471725
0.6428632003711604,0.7845320959610647,2.4880259266660403
0.6416939366804272,0.7852587068672158,2.5039113036182985
0.6408476563674391,0.7858473589972395,2.510627051489465
0.6395987399906575,0.7864798808222161,2.5144197929418506
0.6387254211302084,0.786959432223823,2.517388409049464
0.6373518048990389,0.7877992279339281,2.519333223840472
0.6360847523786373,0.7883701711722517,2.515259981967709
0.6351541426233361,0.7888183938761174,2.511683955735884
0.6342648842281419,0.7894779789857265,2.507118319170541
0.6329714849177767,0.7903315842871741,2.494460764920802
0.6315874315526974,0.7911561726831509,2.477131982847498
0.6307207808644374,0.7918380876155174,2.4688804332478784
0.6294532438235333,0.7928368982414236,2.458107169719364
0.6285743011995095,0.7935300231395509,2.451435500284235
0.6274513341894671,0.7946227988331684,2.444161391190263
0.6267171028272399,0.7953248963078647,2.4442245666099263
0.6254652631827586,0.7963878857270119,2.4447527612735835
0.6248110785956297,0.7971885508990556,2.451997754713426
0.6236937354704088,0.797957672203272,2.457368666780948
0.6228769265263993,0.7985265586706677,2.465077637074314
0.621744338115059,0.7994981239355174,2.4824156509138566
0.6207579058481266,0.7998827544086624,2.4879987495817777
0.6195772915786703,0.8006272233995539,2.4997111810982617
0.6186883058103465,0.801067705392863,2.505389951944538
0.6172829415369058,0.801865588333258,2.5131450275964715
0.6163980100774317,0.80232849551612,2.5157439132520674
0.6149476685391291,0.8029889206406029,2.514676268879191
0.613546159214102,0.8035668760771307,2.5057184673529034
0.6125059517268212,0.8040965935338399,2.4998180936175114
0.6115756153070899,0.8046606226884595,2.492644823213181
0.610188924291323,0.8057696603937595,2.4801374339439732
0.6088123008949525,0.8067056913772875,2.4654691793831005
0.6079727408316914,0.8073908189454105,2.4573913293360574
0.6066555405553138,0.808592420755959,2.4505602180406196
0.6057786047388429,0.8093951590868209,2.445394369898057
0.604734646963469,0.8105974625673295,2.446076950984564
0.603910692109095,0.811417073587668,2.4468971412232148
0.6027742679286681,0.8124913126541166,2.4524582993246233
0.6020072061686188,0.8131727260387869,2.458753363633941
0.600834049791952,0.8142211824821554,2.47142264331449
0.6000307108959559,0.81488024554944,2.4791129666778557
0.5987190210069661,0.8157827386296402,2.490594134059857
0.5977838860908692,0.8163229259320246,2.496439491835868
0.5964903692172,0.8171638519609707,2.5030776053876123
0.5955083466457923,0.8176854370196671,2.505089844344463
0.5941382106484496,0.818448152679338,2.5039572707085336
0.5931485631689454,0.8189611605964171,2.5020119323435814
0.5917096207594017,0.8198222781793215,2.4930638265859217
0.5907726354502333,0.8205258354097952,2.4887760895418594
0.5894096592293612,0.8215103481642477,2.473448403690503
0.5884099221722183,0.8221858683594365,2.462053901960158
0.5870478333982792,0.823130182670971,2.4432086228447907
0.5862251068337749,0.8239026199972997,2.4335764192146034
0.5849377516516338,0.825073255520944,2.4219398490385813
0.5837955983394814,0.8263259620307566,2.414837988110088
0.583099438870364,0.8269838102744639,2.4143831420821393
0.5819017261349474,0.8281007864902278,2.414074170050952
0.5811576339235036,0.8288481234770687,2.41648755088177
0.5802222922068461,0.8300239783526475,2.424526835924204
0.5794682528398384,0.8306662288875187,2.4326189555670243
0.5781423449518361,0.8314271004562184,2.4462821026928894
0.577403067525767,0.8319754179222021,2.453057930568758
0.5760722228867763,0.8327293905670398,2.465970212071823
0.5751147067842721,0.8330948226992135,2.470307004876551
0.5738622681113099,0.8339265858065559,2.47700627861842
0.5728565530217915,0.8343903905369484,2.4789506081396118
0.5715101785081286,0.8350928754021771,2.478301713569676
0.5704677843580164,0.8356032853600461,2.473757036311551
0.5691433559657185,0.836403000307331,2.464654307203025
0.5677121173300779,0.8374172581975595,2.451070744838026
0.5667238073949403,0.8380492746385828,2.4411125723075027
0.5659044238402667,0.8388750161529513,2.4377391407344637
0.5644438630937071,0.8398411107806204,2.4233783975553673
0.5636165742781395,0.8405759800959857,2.4199098057341195
0.5624095580852473,0.8417560633414436,2.4152300183647206
0.5615834820953136,0.8424904244810223,2.414765445622522
0.5604279159148109,0.8436497279251093,2.4182043263378428
0.5592136149885069,0.8445859254538983,2.425847818800884
0.5582828212361817,0.8452806102121755,2.4323611606435693
0.5571363677809265,0.8462707951762938,2.445579492168916
0.5562352683596431,0.8468757713170979,2.4533572194361435
0.5548839790580149,0.8477299454122579,2.464849011275914
0.5539986848386763,0.8484267399665987,2.4700310279637994
0.5524780098902656,0.8492140693799082,2.47954490367674
0.5515671181795707,0.8496326900449058,2.4840019089064582
0.5499655009436207,0.8503829185318019,2.484730329800108
0.5490899943347849,0.8509029296946123,2.4839852968118374
0.5475586114116481,0.8519102845763883,2.4748685321652037
0.5466191246050357,0.8525319145662421,2.4682484179420223
0.545196581955092,0.8534989720643734,2.4541371685616875
0.5441794887593028,0.8540396760696809,2.4448974945255606
0.542802969062405,0.8552105771395623,2.430165162959143
0.5414714113371326,0.8565995172653256,2.416959351441188
0.5406648672004948,0.8574048138250279,2.410591963074245
0.5394196495981227,0.8586341467762075,2.402339754804707
0.5386295085873861,0.8593396800633198,2.402221456192708
0.5379250091068541,0.8601617814881555,2.4023671118998684
0.5367696467378433,0.8613561923410734,2.405720911483066
0.535696117694491,0.8624713964520574,2.4142866831062606
0.5349488914515375,0.8632098891310029,2.422317418889017
0.5337805417940014,0.8641428522197597,2.434719438618004
0.5329951251869505,0.8647804490873476,2.4432736377418944
0.5315668617099805,0.8656835554927317,2.4524772328917366
0.5307283492213145,0.8662285030671784,2.4572442536403245
0.5292907680565,0.8668421429392175,2.461798162032278
0.528375236299887,0.8673671261421358,2.4612889522000816
0.5270442218921793,0.8683303188125621,2.4599740400068306
0.5260870426479114,0.8688704318908473,2.4563897694253813
0.524683816599709,0.8697399461311273,2.444718520474221
0.5237826066786622,0.8705193481838871,2.4395808943536545
0.5224123447119406,0.8717052476448033,2.4268736555287895
0.5215047637635487,0.8723389252573324,2.4145293903272527
0.5202827476952128,0.8734986668585,2.404146652494047
0.5190451460726727,0.8746924639086611,2.394591532232735
0.5182160424867747,0.8753718851991991,2.3917812815076434
0.517123769269692,0.8765873557391657,2.3911468213881757
0.5164110252850818,0.8774982876622888,2.3906612039730493
0.5152987692942267,0.8784763043747001,2.3975748869938913
0.5145208746204605,0.8791673805437226,2.4035062169661505
0.5134209169005771,0.8802207698619087,2.4165278615604624
0.5125802657011095,0.8809051049211167,2.4253246406281868
0.5112983139542995,0.881803071548755,2.4371948562818653
0.5104185899287137,0.8823833600878364,2.445545699010982
0.509081181241482,0.8832213765500782,2.4538565401350545
0.5081558863419825,0.8837900384422128,2.4578184689085907
0.5066959689461954,0.8845637144719942,2.4598921651842343
0.5057684684159625,0.8851045596989345,2.4592497962821156
0.5042565358662684,0.8859777296596382,2.4527127580521286
0.5033033129902885,0.8865870048906866,2.448284053632987
0.5018332761143066,0.8874957091163679,2.4384262782670385
0.5008628530478904,0.8881769913683961,2.4287461389303338
0.4994786957211215,0.8893800214560605,2.4158885303378184
0.49817341692274936,0.890587555086042,2.4059690148816446
0.4972680039932348,0.8914495908261376,2.4011764341484656
0.49603588708654955,0.8926587722224455,2.3964666725265555
0.4952914721580003,0.8935006505113524,2.395319853046509
0.49410202754981775,0.8946531373297311,2.3985634533555102
0.49334324633762394,0.8954458912536839,2.403949279484045
0.4921965548542864,0.896555024130582,2.412654928447233
0.49134937504356224,0.8972667955437177,2.4207482701263707
0.49015526793997566,0.8981745915799154,2.4329733515082936
0.48932180225906113,0.8987612469787998,2.4415362279459343
0.48795563855111096,0.8996516666622149,2.4518299344109042
0.4870670328923249,0.9001765939175266,2.456905665737357
0.4856600740811187,0.9008952730013952,2.4628693148014804
0.48476264347901504,0.9014031665423017,2.465286225323105
0.4833441798116283,0.9022032996123508,2.4620943185316113
0.48240985989786456,0.9027341054613204,2.4584557636662794
0.4810230114450339,0.9035953196853252,2.4483544601832197
0.4801309199243725,0.9042073489785375,2.4401457766774652
0.47865170670732315,0.9050589346001,2.423529644159898
0.4779266222038875,0.9060060057440465,2.4151249052985344
0.47663109196459247,0.9071546889823622,2.4012596884274253
0.47583901175946713,0.9079736725147842,2.3943214437193774
0.4746832132566449,0.9092467649313903,2.385857076629304
0.4740114793292485,0.9100754716665257,2.3837461489135356
0.4729233508681625,0.9113280815112732,2.383583117740597
0.4717943135578006,0.9125444227737793,2.386099163073497
0.4711218290436765,0.9133262364954442,2.3910854561822177
0.47003813504814,0.9144710093265309,2.402758390771578
0.4691987252457889,0.9151580310440823,2.411056962782987
0.4680541688683254,0.9161863338678211,2.4221938932870617
0.4671652974330499,0.9168357180765033,2.4283082646591776
0.46577108184051835,0.9177735140635115,2.4360876926433614
0.4648999092734808,0.9184150555806284,2.437991290908998
0.46344830442583373,0.9193232272237177,2.4387192314095256
0.4625549691861984,0.9199338450014609,2.4372038543934655
0.4611168908907932,0.9209145917283696,2.4292005452260175
0.46017211310339473,0.9215470872301676,2.4226570675305528
0.45927192833640845,0.9222880697620217,2.4141933290915403
0.4579253261960051,0.923566583432342,2.402930898301329
0.45661329448445764,0.9247905156091519,2.3898986179384827
0.4558209368122715,0.9256331252908173,2.3838690923240273
0.45450985780126024,0.9267748501174432,2.371394024749239
0.4538176812521214,0.9276315652406433,2.3687839728519657
0.45275413943668025,0.9289268348678871,2.3686556721283645
0.4516114586830894,0.9301387376782894,2.3722103309444256
0.4509128385321888,0.9309915944033059,2.377019214869477
0.450207414862752,0.9316994906244825,2.3828834212811643
0.4490601686503765,0.9327512748152585,2.396009621125562
0.44825019529924887,0.9334450202632051,2.4039492058668395
0.447038358653675,0.9343763021510901,2.416608688569606
0.4457146191263545,0.935307181482688,2.426534974223914
0.44475861429524643,0.9358621177568701,2.430673698070893
0.44348482471692424,0.9366977285630163,2.4365389474569037
0.44250200971169973,0.9372545860560239,2.4371923971854303
0.44103770230009365,0.9381084991638681,2.433184088344799
0.4401566404958934,0.9385958567958438,2.427527538169642
0.4391631357452205,0.9392114844318015,2.4209205217188114
0.43780919746766694,0.9403101493290689,2.407500345439622
0.4364189661311542,0.94146250048029,2.391337207495334
0.43551855539218165,0.9422886464548191,2.382657295713653
0.4343027113502937,0.9435606222287002,2.3710603638524206
0.43346610721493956,0.9444197050449781,2.3648236828266653
0.4322929091657162,0.9457528271309098,2.356754803507733
0.4315944388237335,0.9466554991309326,2.355766844888866
0.43052454180972777,0.9479837877849072,2.357315779543985
0.42945210089214253,0.9492394608033867,2.362195770837509
0.4287588178826189,0.9500343063650626,2.367686889609346
0.42771410373462343,0.9511910791363323,2.380446955026107
0.4269369890791068,0.9519212077904659,2.3871490599568834
0.4257747208668238,0.9530121155917746,2.400049782884884
0.4249767150390253,0.9536412068278114,2.4052921499973907
0.4235985660433398,0.9546102862694679,2.4109449073489113
0.42276099861319233,0.955229935319461,2.412590714271666
0.4214937418259979,0.9561243402773698,2.41267389989582
0.4205517658571192,0.9567895691216113,2.4092451659410212
0.41967467464957675,0.9574487912365813,2.404171849084507
0.4184027045697679,0.9584245866318424,2.3925393737394094
0.4170503301458126,0.9595698967154791,2.3776985800501267
0.41621737895250127,0.9603566065833321,2.3692874614123665
0.4150863502713157,0.9615712015955254,2.3573514910575994
0.4142546602778097,0.9625268242574833,2.3452043538726883
0.4131007725046958,0.9638312618997319,2.335734973545544
0.41232279945638706,0.9647119919364806,2.330769283974599
0.4112678216496992,0.9660010044847195,2.3292582580583385
0.41059587505116285,0.9668941068552451,2.331281044482563
0.40955045517269734,0.9681411521846727,2.33582408196704
0.40878437324761235,0.9689130876746975,2.341780748488542
0.4076228292863869,0.970030537594081,2.3531909441393153
0.4068499896220813,0.9707990665627346,2.3614845432022924
0.4055909581344765,0.9718268027444341,2.374708548127477
0.4047620261336368,0.9724672918346878,2.3830469020622815
0.4033930537972636,0.9734207323187294,2.3917653130189587
0.4024054138094674,0.9740778350426419,2.3939051828363116
0.4009845475378774,0.9750439331589984,2.396076938399618
0.3994033616298234,0.9759688085845524,2.394684451020996
0.39850938812740877,0.9767036141914097,2.3885463220473975
0.39690973675849317,0.977678021941373,2.3817839703245696
0.39601778570401014,0.9783826565865821,2.373544798532299
0.3945982179085979,0.9796247898106918,2.359406242172481
0.3937119819873719,0.9804275649937005,2.351163524094302
0.392379322911449,0.9817254795718036,2.341150297170531
0.39158439656205707,0.9826165734105847,2.3364040777997386
0.39047033701254164,0.9839578377467503,2.3319341055807583
0.3897313760385994,0.9848173823997884,2.330878523906111
0.38862320169818493,0.9862935271664657,2.332008325765863
0.3880144393840053,0.9870825392710066,2.3368577866114366
0.38696688181730404,0.9883091632594356,2.346277822313679
0.3862123944470416,0.9890636679334751,2.354260127462959
0.3850560083285469,0.9901352459670116,2.3647046386449917
0.3842666419976795,0.9908120565446357,2.37224168585266
0.38306420008755715,0.9917730758214296,2.3816190473234387
0.382209665562108,0.9924070909444479,2.3877234170947124
0.3809297815279073,0.9933566303797886,2.391930564643985
0.3800270734324132,0.9939506866998603,2.391826756805181
0.3787265278590194,0.9949019400916232,2.3884284513728993
0.3778765579729457,0.995541384763998,2.3831827914793005
0.37656929785933146,0.9965756659874551,2.372843858357177
0.3752743307633828,0.9977154614083562,2.3578161334793792
0.37447974461103334,0.998529978844823,2.3469069577118513
0.37323055205182654,0.9998018434805628,2.3307676141263993
0.37247311649763654,1.0007961265248841,2.324941293981552
0.37136815072691504,1.0020702955174263,2.3120207665543613
0.37068161986534137,1.003020006744685,2.3059176459849096
0.3697003986970966,1.0043825480328317,2.3026480513125094
0.36908470198055265,1.0052842262141768,2.302651207834139
0.3681054644455337,1.0065965912153572,2.3045897366550343
0.3674916251772244,1.0074287898595489,2.3104294585884757
0.3665421723895616,1.0086398980918192,2.3196511415244685
0.3658254985902413,1.0094226428712825,2.327025379471894
0.36473073227609787,1.0104508225250264,2.3386747034661095
0.36395857128655956,1.0111338984726412,2.3455659152637307
0.3624984701251314,1.0122082295422403,2.353872865361765
0.3616058268806766,1.0128214062745002,2.355862852395377
0.3603096285964735,1.0137508330603189,2.3589394127532697
0.35939678623371624,1.0143654522215104,2.3575286198836922
0.35807917654943033,1.015418468023143,2.3491075597271514
0.35723312779900307,1.0160644996148362,2.3432496044438182
0.3558901792563743,1.0172683731434744,2.3289360280266824
0.355119934329416,1.0181134470774298,2.3220435356463534
0.35394369860804953,1.0194331769271991,2.30770914744575
0.3528476567756591,1.0206749077449166,2.2999836241589646
0.3522122262485389,1.0215402781570877,2.2931886774701065
0.35134806400315444,1.0228473179989779,2.2899113183755024
0.3504998843099645,1.0238938779856506,2.288468170560224
0.3495703393970682,1.025287111757231,2.2966101916382544
0.3492302038071559,1.0262138592358128,2.296790843956517
0.34825164412493814,1.0273964759604726,2.307221551573371
0.3472114103629143,1.0280567847276876,2.321429528296185
0.34610889509968557,1.0293504525592554,2.334967379855042
0.3453758948897347,1.0300236759277912,2.3466604601011167
0.34418640412051893,1.0310768231793506,2.3573988606202
0.3432827329465311,1.031784796936493,2.363253311839105
0.3420827567401817,1.0327392982401953,2.3666997904936795
0.34134487610282954,1.0333531639622657,2.369323805006931
0.34032029918801554,1.0342249869864308,2.369148136572836
0.3396242031844517,1.0346644563484344,2.3671313802034306
0.3380835692495456,1.035092247012194,2.363023470963896
0.3374929062358734,1.0353424543618421,2.358214901152144
0.3365494762879849,1.0356010155426456,2.3473675634643008
0.3360985788272639,1.0356189715410549,2.3431569228524904
0.33539062408369974,1.0353793211229012,2.338438937748698
0.3348863180109538,1.0350844254531169,2.3368566762496292
0.33472465871954743,1.034974875950526,2.3359412620979514
0.3347626240643251,1.0349569962660023,2.335768468169216
0.33493643176342036,1.035003783038764,2.3366111846189153
0.33534128391168533,1.0351465157976842,2.339466929052217
0.3356248759387296,1.0353234218697893,2.3431102084932354
